Model,0D
XGBoost,193.19600583337674
Bootstrap,191.87059018262633
Random Forest,367.1527628773017
Linear Regression,665.1234903114384
DNN,202.20721073803338
Stacking XGB DNN,187.04036757831767
Stacking XGB RF,187.1049994589894
