Model,all
XGBoost,177.55455798252373
Bootstrap,177.3017146541814
Random Forest,180.78761047327245
Linear Regression,211.0433578766675
DNN,183.77662175851754
Stacking XGB DNN,177.78235020318098
Stacking XGB RF,177.7706429469338
