Model,all
XGBoost,0.920874292902672
Bootstrap,0.9209808464852112
Random Forest,0.920458779896789
Linear Regression,0.9044905674188222
DNN,0.9188937228949532
Stacking XGB DNN,0.9209015173604963
Stacking XGB RF,0.9208477541455956
