Model,all
XGBoost,293.69049503703513
Bootstrap,293.4926812165441
Random Forest,294.46061411158047
Linear Regression,322.6667551895447
DNN,297.3434135042648
Stacking XGB DNN,293.63996624773574
Stacking XGB RF,293.7397427945401
