Model,0D
XGBoost,304.95621857539527
Bootstrap,303.94323486049115
Random Forest,531.4351458638904
Linear Regression,872.7686096607891
DNN,317.7142002180653
Stacking XGB DNN,300.0358244466054
Stacking XGB RF,300.0711201887831
